uqifllhkqn, siwqjc2pb3, ITALIAN, 73, 105, 4445
mavlscithc, e9savzeel0, SPANISH, 60, 187, 8133
xlacanwgpc, h9lutwkaui, GERMAN, 82, 340, 15153
bkrfrazvih, akz9by769w, ITALIAN, 73, 57, 2375
lmrmhhowni, lfsfaky6k4, GERMAN, 82, 44, 2080
bxwxcitvua, jfgumadsk1, ITALIAN, 73, 344, 14967
sflhrwhwrc, zd3kpoyct2, SPANISH, 60, 117, 5011
nedzhseybm, cxq3ufxb5u, GERMAN, 82, 332, 14932
engzmrqdmo, 4k8zqcxcx5, TURKISH, 70, 384, 15820
sumyeeknmb, l753s4ss3i, ITALIAN, 73, 114, 4534
yggtmliaww, 17dfh8s0md, GERMAN, 82, 169, 7288
wbjdgshtsz, kshrib2lcx, GERMAN, 82, 305, 13685
scfnrtlyiy, lxtq79nmoj, SPANISH, 60, 198, 8642
bxjqlmfxpw, pbz7lw638h, SPANISH, 60, 156, 6274
qtfdzvcgpg, x4pwb1nkii, GERMAN, 82, 54, 2278
wilpfuunon, muqlslmswe, SPANISH, 60, 139, 5901
zgrhnwmsha, oe2qs60gr6, SPANISH, 60, 8, 375
eriheizedc, h5dfos9har, SPANISH, 60, 188, 8307
rvaaqilojl, vl2wwds12n, GERMAN, 82, 406, 18132
bkxvvmymrh, upy8kfqovi, SPANISH, 60, 228, 10115
dmeedqglyr, sdx7rhlsi4, TURKISH, 70, 116, 4804
wghvbdxiyg, sbe9m9zbqt, SPANISH, 60, 241, 10504
dpeapthxfy, 7pnw94c18e, SPANISH, 60, 110, 4626
oeectnfdkd, q9l11umh71, SPANISH, 60, 8, 416
nhkbqkdiik, 9igrthx9rx, TURKISH, 70, 214, 8928
foywzubmyi, nf9fbpx6pm, GERMAN, 82, 321, 13922
zouuofxsxe, oth4824rjl, SPANISH, 60, 141, 6291
trcxoetrlc, vxa65gf3cz, GERMAN, 82, 117, 5190
nqboobllbl, dsrmwy5yel, GERMAN, 82, 29, 1310
iqfidewffq, u5jv6xwg42, SPANISH, 60, 60, 2580
ahscxlcahi, a4rtm4sunp, GERMAN, 82, 15, 785
ngbjcuygdw, l0nz5hw7kd, TURKISH, 70, 366, 15510
jtcoucqyhq, m9l8z9iz36, GERMAN, 82, 59, 2618
vvisacahlw, rh7eahf80l, SPANISH, 60, 215, 8883
udspfhjrwy, p329czl486, GERMAN, 82, 270, 11880
ccxgtnopuz, dchogeg16s, ITALIAN, 73, 89, 3996
uitmywlpbp, 0ltfdcw4gz, TURKISH, 70, 320, 13038
neszbszeqn, patrjgnc4f, SPANISH, 60, 31, 1474
slzodnxccl, xxscr81v9t, TURKISH, 70, 292, 12479
ecpzcmdlok, ybnx5fcuaq, SPANISH, 60, 59, 2519
akslglxwyy, 0kwtjwjgca, TURKISH, 70, 183, 7823
vnhlycjnsb, l5ididz10o, GERMAN, 82, 156, 6890
ctqopehddw, i6t349xrs4, TURKISH, 70, 395, 17386
lshrdpntqq, qs36k4hoo6, TURKISH, 70, 39, 1630
verodgmfgk, mmtlv4d7g6, ITALIAN, 73, 343, 14602
hbfyblckgr, 8kvfyxzfhb, GERMAN, 82, 216, 9839
xyhzadssbo, 21ulrohhlt, SPANISH, 60, 74, 3217
ejsfybzkdc, i1cispkl6p, TURKISH, 70, 237, 9748
ezxccpgsvw, l9rzz7hs7z, ITALIAN, 73, 188, 7922
catxavcqyt, xf65hk92p4, SPANISH, 60, 111, 4818
jiteuvzwfw, m94256irly, SPANISH, 60, 35, 1565
qaikfotgev, shg6v7dfrw, SPANISH, 60, 50, 2104
jbgtycykyx, tx4fzx8p1p, TURKISH, 70, 146, 5910
wkjykubytn, qmqfq57c8d, GERMAN, 82, 91, 3945
wxgbhnmcds, v5fmvsnikz, GERMAN, 82, 320, 14372
vwrdzwrham, q4a61z2iw6, SPANISH, 60, 31, 1328
sulteiayor, e3bobgk2jy, GERMAN, 82, 174, 7710
ifyowpwywh, ijnqszmdbc, TURKISH, 70, 209, 8445
qgvcwunjmx, hyhb0b7uwx, TURKISH, 70, 67, 2530
wukobaudzq, 3v3hlt47zl, GERMAN, 82, 247, 11011
hcidmjetcu, ii967rk1hw, ITALIAN, 73, 220, 9668
ptxzutyzom, 4nd7l4c3nl, TURKISH, 70, 196, 7970
zsubhwsfxe, rfn8uziecm, SPANISH, 60, 146, 6269
xutgkudesn, mjj22id0sj, ITALIAN, 73, 399, 16924
dsvaevtgos, f6m5cr9fj2, TURKISH, 70, 205, 8609
vbjltwsigc, mh93bninti, ITALIAN, 73, 250, 10840
fanwhvvfem, afpop6r2kr, ITALIAN, 73, 412, 17776
akidnuknas, 078i5i2kk0, TURKISH, 70, 349, 14979
sgbrsflmvq, 120pou0e5p, SPANISH, 60, 201, 8409
rdyqiiqqei, 74vfsttf0r, SPANISH, 60, 131, 5848
malgcnncbl, 3b56wqecdc, SPANISH, 60, 156, 6712
ewfddikghj, m2y1i4s7al, ITALIAN, 73, 66, 2782
dvbjiiqlvc, dbgr5uyj4e, SPANISH, 60, 224, 9720
ykvdmaqnpb, cc9ceo79an, TURKISH, 70, 44, 1813
bnivrxypby, 5ipzyh8ahr, SPANISH, 60, 137, 5996
pdbtewvjrq, c91bdvd9h2, GERMAN, 82, 209, 8930
unnsqchyjp, 6mt3owdles, SPANISH, 60, 133, 5666
wzestoqnlq, 3u2gb9x0iz, SPANISH, 60, 221, 9670
jlzvuatsuw, rdgtpk6iro, GERMAN, 82, 34, 1429
eykfrzajbs, vlzwqaxeld, ITALIAN, 73, 204, 8967
hnzrlhwcwz, mcgzrpnxxg, ITALIAN, 73, 38, 1696
wcjbwssiam, lxiyvohx0b, TURKISH, 70, 93, 3803
bkmbacjatg, 4h8dhjf8in, GERMAN, 82, 112, 4828
sofzhtfsiz, k1jsaavd1h, ITALIAN, 73, 367, 16165
jvmohtgkvc, xcf6mwvzy7, ITALIAN, 73, 404, 17312
micjdulrja, exa14lisf7, ITALIAN, 73, 263, 11617
uvjutjhltt, 0grcivxsk7, ITALIAN, 73, 44, 2014
nfalygsmwk, 4m4u93qb6u, ITALIAN, 73, 210, 9108
fxovkpvfhr, g5f03ak77e, TURKISH, 70, 198, 7961
uhxuzacywl, p1nu0ajdk1, SPANISH, 60, 196, 8274
rnppgwhubc, 0u6f4mynqj, TURKISH, 70, 73, 2929
iqaqbtwccl, a2r36t42wv, GERMAN, 82, 27, 1262
bywxtxdetx, qd16o15449, SPANISH, 60, 206, 8788
piqvtmqqhw, 2s36gxtk26, TURKISH, 70, 123, 4947
fieymzbtaf, 7iak3n7d67, TURKISH, 70, 16, 713
oirkyisgst, tszt6afse8, TURKISH, 70, 378, 16031
puyrjtjlvg, d2wprrvt0u, SPANISH, 60, 247, 10565
irjtwhuccd, pyh5pfzhe5, SPANISH, 60, 176, 7590
ypxhdotvvu, ncbjv65n2o, TURKISH, 70, 39, 1676
hcrsmvhurw, d5o1im5a38, SPANISH, 60, 82, 3609
